target_id,app,module,technique,technique_label,cwe,requires,observed_facts,app_documented_techniques,response,rationale,cited_evidence
js-full,juice-shop,whole-app,recon,Subdomain and endpoint discovery,,,"{""accepts_xml"": true, ""has_code_execution_path"": true, ""has_deserialization"": true, ""has_login"": true, ""has_object_ids"": true, ""has_relational_db"": true, ""has_templating"": true, ""has_upload"": true, ""uses_jwt"": true, ""uses_nosql"": true}","auth_session, bfa, config_review, deserialization, idor, jwt, nosql_injection, rce, sql_injection, xss_reflected, xss_stored, xxe",,,
js-full,juice-shop,whole-app,port_scan,Service and port discovery,,has_network_surface,"{""accepts_xml"": true, ""has_code_execution_path"": true, ""has_deserialization"": true, ""has_login"": true, ""has_object_ids"": true, ""has_relational_db"": true, ""has_templating"": true, ""has_upload"": true, ""uses_jwt"": true, ""uses_nosql"": true}","auth_session, bfa, config_review, deserialization, idor, jwt, nosql_injection, rce, sql_injection, xss_reflected, xss_stored, xxe",,,
js-full,juice-shop,whole-app,config_review,Security misconfiguration review,,,"{""accepts_xml"": true, ""has_code_execution_path"": true, ""has_deserialization"": true, ""has_login"": true, ""has_object_ids"": true, ""has_relational_db"": true, ""has_templating"": true, ""has_upload"": true, ""uses_jwt"": true, ""uses_nosql"": true}","auth_session, bfa, config_review, deserialization, idor, jwt, nosql_injection, rce, sql_injection, xss_reflected, xss_stored, xxe",,,
js-full,juice-shop,whole-app,auth_session,Authentication and session handling,,has_login,"{""accepts_xml"": true, ""has_code_execution_path"": true, ""has_deserialization"": true, ""has_login"": true, ""has_object_ids"": true, ""has_relational_db"": true, ""has_templating"": true, ""has_upload"": true, ""uses_jwt"": true, ""uses_nosql"": true}","auth_session, bfa, config_review, deserialization, idor, jwt, nosql_injection, rce, sql_injection, xss_reflected, xss_stored, xxe",,,
js-full,juice-shop,whole-app,sql_injection,SQL injection,CWE-89,has_relational_db,"{""accepts_xml"": true, ""has_code_execution_path"": true, ""has_deserialization"": true, ""has_login"": true, ""has_object_ids"": true, ""has_relational_db"": true, ""has_templating"": true, ""has_upload"": true, ""uses_jwt"": true, ""uses_nosql"": true}","auth_session, bfa, config_review, deserialization, idor, jwt, nosql_injection, rce, sql_injection, xss_reflected, xss_stored, xxe",,,
js-full,juice-shop,whole-app,nosql_injection,NoSQL injection,CWE-943,uses_nosql,"{""accepts_xml"": true, ""has_code_execution_path"": true, ""has_deserialization"": true, ""has_login"": true, ""has_object_ids"": true, ""has_relational_db"": true, ""has_templating"": true, ""has_upload"": true, ""uses_jwt"": true, ""uses_nosql"": true}","auth_session, bfa, config_review, deserialization, idor, jwt, nosql_injection, rce, sql_injection, xss_reflected, xss_stored, xxe",,,
js-full,juice-shop,whole-app,xss_reflected,Reflected XSS,CWE-79,has_reflected_input,"{""accepts_xml"": true, ""has_code_execution_path"": true, ""has_deserialization"": true, ""has_login"": true, ""has_object_ids"": true, ""has_relational_db"": true, ""has_templating"": true, ""has_upload"": true, ""uses_jwt"": true, ""uses_nosql"": true}","auth_session, bfa, config_review, deserialization, idor, jwt, nosql_injection, rce, sql_injection, xss_reflected, xss_stored, xxe",,,
js-full,juice-shop,whole-app,xss_stored,Stored XSS,CWE-79,has_persisted_input,"{""accepts_xml"": true, ""has_code_execution_path"": true, ""has_deserialization"": true, ""has_login"": true, ""has_object_ids"": true, ""has_relational_db"": true, ""has_templating"": true, ""has_upload"": true, ""uses_jwt"": true, ""uses_nosql"": true}","auth_session, bfa, config_review, deserialization, idor, jwt, nosql_injection, rce, sql_injection, xss_reflected, xss_stored, xxe",,,
js-full,juice-shop,whole-app,ssrf,Server-side request forgery,CWE-918,makes_server_requests,"{""accepts_xml"": true, ""has_code_execution_path"": true, ""has_deserialization"": true, ""has_login"": true, ""has_object_ids"": true, ""has_relational_db"": true, ""has_templating"": true, ""has_upload"": true, ""uses_jwt"": true, ""uses_nosql"": true}","auth_session, bfa, config_review, deserialization, idor, jwt, nosql_injection, rce, sql_injection, xss_reflected, xss_stored, xxe",,,
js-full,juice-shop,whole-app,xxe,XML external entity processing,CWE-611,accepts_xml,"{""accepts_xml"": true, ""has_code_execution_path"": true, ""has_deserialization"": true, ""has_login"": true, ""has_object_ids"": true, ""has_relational_db"": true, ""has_templating"": true, ""has_upload"": true, ""uses_jwt"": true, ""uses_nosql"": true}","auth_session, bfa, config_review, deserialization, idor, jwt, nosql_injection, rce, sql_injection, xss_reflected, xss_stored, xxe",,,
js-full,juice-shop,whole-app,csrf,Cross-site request forgery,CWE-352,has_session_auth,"{""accepts_xml"": true, ""has_code_execution_path"": true, ""has_deserialization"": true, ""has_login"": true, ""has_object_ids"": true, ""has_relational_db"": true, ""has_templating"": true, ""has_upload"": true, ""uses_jwt"": true, ""uses_nosql"": true}","auth_session, bfa, config_review, deserialization, idor, jwt, nosql_injection, rce, sql_injection, xss_reflected, xss_stored, xxe",,,
js-full,juice-shop,whole-app,idor,Insecure direct object reference,CWE-639,has_object_ids,"{""accepts_xml"": true, ""has_code_execution_path"": true, ""has_deserialization"": true, ""has_login"": true, ""has_object_ids"": true, ""has_relational_db"": true, ""has_templating"": true, ""has_upload"": true, ""uses_jwt"": true, ""uses_nosql"": true}","auth_session, bfa, config_review, deserialization, idor, jwt, nosql_injection, rce, sql_injection, xss_reflected, xss_stored, xxe",,,
js-full,juice-shop,whole-app,bfa,Broken function-level authorization,CWE-862,has_role_model,"{""accepts_xml"": true, ""has_code_execution_path"": true, ""has_deserialization"": true, ""has_login"": true, ""has_object_ids"": true, ""has_relational_db"": true, ""has_templating"": true, ""has_upload"": true, ""uses_jwt"": true, ""uses_nosql"": true}","auth_session, bfa, config_review, deserialization, idor, jwt, nosql_injection, rce, sql_injection, xss_reflected, xss_stored, xxe",,,
js-full,juice-shop,whole-app,file_upload,Unrestricted file upload,CWE-434,has_upload,"{""accepts_xml"": true, ""has_code_execution_path"": true, ""has_deserialization"": true, ""has_login"": true, ""has_object_ids"": true, ""has_relational_db"": true, ""has_templating"": true, ""has_upload"": true, ""uses_jwt"": true, ""uses_nosql"": true}","auth_session, bfa, config_review, deserialization, idor, jwt, nosql_injection, rce, sql_injection, xss_reflected, xss_stored, xxe",,,
js-full,juice-shop,whole-app,ssti,Server-side template injection,CWE-1336,has_templating,"{""accepts_xml"": true, ""has_code_execution_path"": true, ""has_deserialization"": true, ""has_login"": true, ""has_object_ids"": true, ""has_relational_db"": true, ""has_templating"": true, ""has_upload"": true, ""uses_jwt"": true, ""uses_nosql"": true}","auth_session, bfa, config_review, deserialization, idor, jwt, nosql_injection, rce, sql_injection, xss_reflected, xss_stored, xxe",,,
js-full,juice-shop,whole-app,deserialization,Unsafe deserialization,CWE-502,has_deserialization,"{""accepts_xml"": true, ""has_code_execution_path"": true, ""has_deserialization"": true, ""has_login"": true, ""has_object_ids"": true, ""has_relational_db"": true, ""has_templating"": true, ""has_upload"": true, ""uses_jwt"": true, ""uses_nosql"": true}","auth_session, bfa, config_review, deserialization, idor, jwt, nosql_injection, rce, sql_injection, xss_reflected, xss_stored, xxe",,,
js-full,juice-shop,whole-app,jwt,JWT handling weaknesses,,uses_jwt,"{""accepts_xml"": true, ""has_code_execution_path"": true, ""has_deserialization"": true, ""has_login"": true, ""has_object_ids"": true, ""has_relational_db"": true, ""has_templating"": true, ""has_upload"": true, ""uses_jwt"": true, ""uses_nosql"": true}","auth_session, bfa, config_review, deserialization, idor, jwt, nosql_injection, rce, sql_injection, xss_reflected, xss_stored, xxe",,,
js-full,juice-shop,whole-app,cors,CORS misconfiguration,,has_cors,"{""accepts_xml"": true, ""has_code_execution_path"": true, ""has_deserialization"": true, ""has_login"": true, ""has_object_ids"": true, ""has_relational_db"": true, ""has_templating"": true, ""has_upload"": true, ""uses_jwt"": true, ""uses_nosql"": true}","auth_session, bfa, config_review, deserialization, idor, jwt, nosql_injection, rce, sql_injection, xss_reflected, xss_stored, xxe",,,
js-full,juice-shop,whole-app,race_condition,Race conditions,,has_state_transitions,"{""accepts_xml"": true, ""has_code_execution_path"": true, ""has_deserialization"": true, ""has_login"": true, ""has_object_ids"": true, ""has_relational_db"": true, ""has_templating"": true, ""has_upload"": true, ""uses_jwt"": true, ""uses_nosql"": true}","auth_session, bfa, config_review, deserialization, idor, jwt, nosql_injection, rce, sql_injection, xss_reflected, xss_stored, xxe",,,
js-full,juice-shop,whole-app,business_logic,Business logic flaws,,has_commerce,"{""accepts_xml"": true, ""has_code_execution_path"": true, ""has_deserialization"": true, ""has_login"": true, ""has_object_ids"": true, ""has_relational_db"": true, ""has_templating"": true, ""has_upload"": true, ""uses_jwt"": true, ""uses_nosql"": true}","auth_session, bfa, config_review, deserialization, idor, jwt, nosql_injection, rce, sql_injection, xss_reflected, xss_stored, xxe",,,
js-full,juice-shop,whole-app,command_injection,OS command injection,CWE-78,has_shell_output,"{""accepts_xml"": true, ""has_code_execution_path"": true, ""has_deserialization"": true, ""has_login"": true, ""has_object_ids"": true, ""has_relational_db"": true, ""has_templating"": true, ""has_upload"": true, ""uses_jwt"": true, ""uses_nosql"": true}","auth_session, bfa, config_review, deserialization, idor, jwt, nosql_injection, rce, sql_injection, xss_reflected, xss_stored, xxe",,,
js-full,juice-shop,whole-app,rce,Remote code execution,CWE-94,has_code_execution_path,"{""accepts_xml"": true, ""has_code_execution_path"": true, ""has_deserialization"": true, ""has_login"": true, ""has_object_ids"": true, ""has_relational_db"": true, ""has_templating"": true, ""has_upload"": true, ""uses_jwt"": true, ""uses_nosql"": true}","auth_session, bfa, config_review, deserialization, idor, jwt, nosql_injection, rce, sql_injection, xss_reflected, xss_stored, xxe",,,
js-full,juice-shop,whole-app,path_traversal,Path traversal / arbitrary file read,CWE-22,has_file_access,"{""accepts_xml"": true, ""has_code_execution_path"": true, ""has_deserialization"": true, ""has_login"": true, ""has_object_ids"": true, ""has_relational_db"": true, ""has_templating"": true, ""has_upload"": true, ""uses_jwt"": true, ""uses_nosql"": true}","auth_session, bfa, config_review, deserialization, idor, jwt, nosql_injection, rce, sql_injection, xss_reflected, xss_stored, xxe",,,
js-api,juice-shop,rest-api,recon,Subdomain and endpoint discovery,,,"{""has_login"": true, ""has_object_ids"": true, ""has_upload"": true}","auth_session, jwt, idor, bfa, sql_injection, nosql_injection",,,
js-api,juice-shop,rest-api,port_scan,Service and port discovery,,has_network_surface,"{""has_login"": true, ""has_object_ids"": true, ""has_upload"": true}","auth_session, jwt, idor, bfa, sql_injection, nosql_injection",,,
js-api,juice-shop,rest-api,config_review,Security misconfiguration review,,,"{""has_login"": true, ""has_object_ids"": true, ""has_upload"": true}","auth_session, jwt, idor, bfa, sql_injection, nosql_injection",,,
js-api,juice-shop,rest-api,auth_session,Authentication and session handling,,has_login,"{""has_login"": true, ""has_object_ids"": true, ""has_upload"": true}","auth_session, jwt, idor, bfa, sql_injection, nosql_injection",,,
js-api,juice-shop,rest-api,sql_injection,SQL injection,CWE-89,has_relational_db,"{""has_login"": true, ""has_object_ids"": true, ""has_upload"": true}","auth_session, jwt, idor, bfa, sql_injection, nosql_injection",,,
js-api,juice-shop,rest-api,nosql_injection,NoSQL injection,CWE-943,uses_nosql,"{""has_login"": true, ""has_object_ids"": true, ""has_upload"": true}","auth_session, jwt, idor, bfa, sql_injection, nosql_injection",,,
js-api,juice-shop,rest-api,xss_reflected,Reflected XSS,CWE-79,has_reflected_input,"{""has_login"": true, ""has_object_ids"": true, ""has_upload"": true}","auth_session, jwt, idor, bfa, sql_injection, nosql_injection",,,
js-api,juice-shop,rest-api,xss_stored,Stored XSS,CWE-79,has_persisted_input,"{""has_login"": true, ""has_object_ids"": true, ""has_upload"": true}","auth_session, jwt, idor, bfa, sql_injection, nosql_injection",,,
js-api,juice-shop,rest-api,ssrf,Server-side request forgery,CWE-918,makes_server_requests,"{""has_login"": true, ""has_object_ids"": true, ""has_upload"": true}","auth_session, jwt, idor, bfa, sql_injection, nosql_injection",,,
js-api,juice-shop,rest-api,xxe,XML external entity processing,CWE-611,accepts_xml,"{""has_login"": true, ""has_object_ids"": true, ""has_upload"": true}","auth_session, jwt, idor, bfa, sql_injection, nosql_injection",,,
js-api,juice-shop,rest-api,csrf,Cross-site request forgery,CWE-352,has_session_auth,"{""has_login"": true, ""has_object_ids"": true, ""has_upload"": true}","auth_session, jwt, idor, bfa, sql_injection, nosql_injection",,,
js-api,juice-shop,rest-api,idor,Insecure direct object reference,CWE-639,has_object_ids,"{""has_login"": true, ""has_object_ids"": true, ""has_upload"": true}","auth_session, jwt, idor, bfa, sql_injection, nosql_injection",,,
js-api,juice-shop,rest-api,bfa,Broken function-level authorization,CWE-862,has_role_model,"{""has_login"": true, ""has_object_ids"": true, ""has_upload"": true}","auth_session, jwt, idor, bfa, sql_injection, nosql_injection",,,
js-api,juice-shop,rest-api,file_upload,Unrestricted file upload,CWE-434,has_upload,"{""has_login"": true, ""has_object_ids"": true, ""has_upload"": true}","auth_session, jwt, idor, bfa, sql_injection, nosql_injection",,,
js-api,juice-shop,rest-api,ssti,Server-side template injection,CWE-1336,has_templating,"{""has_login"": true, ""has_object_ids"": true, ""has_upload"": true}","auth_session, jwt, idor, bfa, sql_injection, nosql_injection",,,
js-api,juice-shop,rest-api,deserialization,Unsafe deserialization,CWE-502,has_deserialization,"{""has_login"": true, ""has_object_ids"": true, ""has_upload"": true}","auth_session, jwt, idor, bfa, sql_injection, nosql_injection",,,
js-api,juice-shop,rest-api,jwt,JWT handling weaknesses,,uses_jwt,"{""has_login"": true, ""has_object_ids"": true, ""has_upload"": true}","auth_session, jwt, idor, bfa, sql_injection, nosql_injection",,,
js-api,juice-shop,rest-api,cors,CORS misconfiguration,,has_cors,"{""has_login"": true, ""has_object_ids"": true, ""has_upload"": true}","auth_session, jwt, idor, bfa, sql_injection, nosql_injection",,,
js-api,juice-shop,rest-api,race_condition,Race conditions,,has_state_transitions,"{""has_login"": true, ""has_object_ids"": true, ""has_upload"": true}","auth_session, jwt, idor, bfa, sql_injection, nosql_injection",,,
js-api,juice-shop,rest-api,business_logic,Business logic flaws,,has_commerce,"{""has_login"": true, ""has_object_ids"": true, ""has_upload"": true}","auth_session, jwt, idor, bfa, sql_injection, nosql_injection",,,
js-api,juice-shop,rest-api,command_injection,OS command injection,CWE-78,has_shell_output,"{""has_login"": true, ""has_object_ids"": true, ""has_upload"": true}","auth_session, jwt, idor, bfa, sql_injection, nosql_injection",,,
js-api,juice-shop,rest-api,rce,Remote code execution,CWE-94,has_code_execution_path,"{""has_login"": true, ""has_object_ids"": true, ""has_upload"": true}","auth_session, jwt, idor, bfa, sql_injection, nosql_injection",,,
js-api,juice-shop,rest-api,path_traversal,Path traversal / arbitrary file read,CWE-22,has_file_access,"{""has_login"": true, ""has_object_ids"": true, ""has_upload"": true}","auth_session, jwt, idor, bfa, sql_injection, nosql_injection",,,
js-upload,juice-shop,file-and-xml,recon,Subdomain and endpoint discovery,,,"{""accepts_xml"": true, ""has_code_execution_path"": true, ""has_deserialization"": true, ""has_relational_db"": true, ""has_templating"": true, ""has_upload"": true, ""uses_jwt"": true, ""uses_nosql"": true}","file_upload, xxe, deserialization, rce, path_traversal, ssti",,,
js-upload,juice-shop,file-and-xml,port_scan,Service and port discovery,,has_network_surface,"{""accepts_xml"": true, ""has_code_execution_path"": true, ""has_deserialization"": true, ""has_relational_db"": true, ""has_templating"": true, ""has_upload"": true, ""uses_jwt"": true, ""uses_nosql"": true}","file_upload, xxe, deserialization, rce, path_traversal, ssti",,,
js-upload,juice-shop,file-and-xml,config_review,Security misconfiguration review,,,"{""accepts_xml"": true, ""has_code_execution_path"": true, ""has_deserialization"": true, ""has_relational_db"": true, ""has_templating"": true, ""has_upload"": true, ""uses_jwt"": true, ""uses_nosql"": true}","file_upload, xxe, deserialization, rce, path_traversal, ssti",,,
js-upload,juice-shop,file-and-xml,auth_session,Authentication and session handling,,has_login,"{""accepts_xml"": true, ""has_code_execution_path"": true, ""has_deserialization"": true, ""has_relational_db"": true, ""has_templating"": true, ""has_upload"": true, ""uses_jwt"": true, ""uses_nosql"": true}","file_upload, xxe, deserialization, rce, path_traversal, ssti",,,
js-upload,juice-shop,file-and-xml,sql_injection,SQL injection,CWE-89,has_relational_db,"{""accepts_xml"": true, ""has_code_execution_path"": true, ""has_deserialization"": true, ""has_relational_db"": true, ""has_templating"": true, ""has_upload"": true, ""uses_jwt"": true, ""uses_nosql"": true}","file_upload, xxe, deserialization, rce, path_traversal, ssti",,,
js-upload,juice-shop,file-and-xml,nosql_injection,NoSQL injection,CWE-943,uses_nosql,"{""accepts_xml"": true, ""has_code_execution_path"": true, ""has_deserialization"": true, ""has_relational_db"": true, ""has_templating"": true, ""has_upload"": true, ""uses_jwt"": true, ""uses_nosql"": true}","file_upload, xxe, deserialization, rce, path_traversal, ssti",,,
js-upload,juice-shop,file-and-xml,xss_reflected,Reflected XSS,CWE-79,has_reflected_input,"{""accepts_xml"": true, ""has_code_execution_path"": true, ""has_deserialization"": true, ""has_relational_db"": true, ""has_templating"": true, ""has_upload"": true, ""uses_jwt"": true, ""uses_nosql"": true}","file_upload, xxe, deserialization, rce, path_traversal, ssti",,,
js-upload,juice-shop,file-and-xml,xss_stored,Stored XSS,CWE-79,has_persisted_input,"{""accepts_xml"": true, ""has_code_execution_path"": true, ""has_deserialization"": true, ""has_relational_db"": true, ""has_templating"": true, ""has_upload"": true, ""uses_jwt"": true, ""uses_nosql"": true}","file_upload, xxe, deserialization, rce, path_traversal, ssti",,,
js-upload,juice-shop,file-and-xml,ssrf,Server-side request forgery,CWE-918,makes_server_requests,"{""accepts_xml"": true, ""has_code_execution_path"": true, ""has_deserialization"": true, ""has_relational_db"": true, ""has_templating"": true, ""has_upload"": true, ""uses_jwt"": true, ""uses_nosql"": true}","file_upload, xxe, deserialization, rce, path_traversal, ssti",,,
js-upload,juice-shop,file-and-xml,xxe,XML external entity processing,CWE-611,accepts_xml,"{""accepts_xml"": true, ""has_code_execution_path"": true, ""has_deserialization"": true, ""has_relational_db"": true, ""has_templating"": true, ""has_upload"": true, ""uses_jwt"": true, ""uses_nosql"": true}","file_upload, xxe, deserialization, rce, path_traversal, ssti",,,
js-upload,juice-shop,file-and-xml,csrf,Cross-site request forgery,CWE-352,has_session_auth,"{""accepts_xml"": true, ""has_code_execution_path"": true, ""has_deserialization"": true, ""has_relational_db"": true, ""has_templating"": true, ""has_upload"": true, ""uses_jwt"": true, ""uses_nosql"": true}","file_upload, xxe, deserialization, rce, path_traversal, ssti",,,
js-upload,juice-shop,file-and-xml,idor,Insecure direct object reference,CWE-639,has_object_ids,"{""accepts_xml"": true, ""has_code_execution_path"": true, ""has_deserialization"": true, ""has_relational_db"": true, ""has_templating"": true, ""has_upload"": true, ""uses_jwt"": true, ""uses_nosql"": true}","file_upload, xxe, deserialization, rce, path_traversal, ssti",,,
js-upload,juice-shop,file-and-xml,bfa,Broken function-level authorization,CWE-862,has_role_model,"{""accepts_xml"": true, ""has_code_execution_path"": true, ""has_deserialization"": true, ""has_relational_db"": true, ""has_templating"": true, ""has_upload"": true, ""uses_jwt"": true, ""uses_nosql"": true}","file_upload, xxe, deserialization, rce, path_traversal, ssti",,,
js-upload,juice-shop,file-and-xml,file_upload,Unrestricted file upload,CWE-434,has_upload,"{""accepts_xml"": true, ""has_code_execution_path"": true, ""has_deserialization"": true, ""has_relational_db"": true, ""has_templating"": true, ""has_upload"": true, ""uses_jwt"": true, ""uses_nosql"": true}","file_upload, xxe, deserialization, rce, path_traversal, ssti",,,
js-upload,juice-shop,file-and-xml,ssti,Server-side template injection,CWE-1336,has_templating,"{""accepts_xml"": true, ""has_code_execution_path"": true, ""has_deserialization"": true, ""has_relational_db"": true, ""has_templating"": true, ""has_upload"": true, ""uses_jwt"": true, ""uses_nosql"": true}","file_upload, xxe, deserialization, rce, path_traversal, ssti",,,
js-upload,juice-shop,file-and-xml,deserialization,Unsafe deserialization,CWE-502,has_deserialization,"{""accepts_xml"": true, ""has_code_execution_path"": true, ""has_deserialization"": true, ""has_relational_db"": true, ""has_templating"": true, ""has_upload"": true, ""uses_jwt"": true, ""uses_nosql"": true}","file_upload, xxe, deserialization, rce, path_traversal, ssti",,,
js-upload,juice-shop,file-and-xml,jwt,JWT handling weaknesses,,uses_jwt,"{""accepts_xml"": true, ""has_code_execution_path"": true, ""has_deserialization"": true, ""has_relational_db"": true, ""has_templating"": true, ""has_upload"": true, ""uses_jwt"": true, ""uses_nosql"": true}","file_upload, xxe, deserialization, rce, path_traversal, ssti",,,
js-upload,juice-shop,file-and-xml,cors,CORS misconfiguration,,has_cors,"{""accepts_xml"": true, ""has_code_execution_path"": true, ""has_deserialization"": true, ""has_relational_db"": true, ""has_templating"": true, ""has_upload"": true, ""uses_jwt"": true, ""uses_nosql"": true}","file_upload, xxe, deserialization, rce, path_traversal, ssti",,,
js-upload,juice-shop,file-and-xml,race_condition,Race conditions,,has_state_transitions,"{""accepts_xml"": true, ""has_code_execution_path"": true, ""has_deserialization"": true, ""has_relational_db"": true, ""has_templating"": true, ""has_upload"": true, ""uses_jwt"": true, ""uses_nosql"": true}","file_upload, xxe, deserialization, rce, path_traversal, ssti",,,
js-upload,juice-shop,file-and-xml,business_logic,Business logic flaws,,has_commerce,"{""accepts_xml"": true, ""has_code_execution_path"": true, ""has_deserialization"": true, ""has_relational_db"": true, ""has_templating"": true, ""has_upload"": true, ""uses_jwt"": true, ""uses_nosql"": true}","file_upload, xxe, deserialization, rce, path_traversal, ssti",,,
js-upload,juice-shop,file-and-xml,command_injection,OS command injection,CWE-78,has_shell_output,"{""accepts_xml"": true, ""has_code_execution_path"": true, ""has_deserialization"": true, ""has_relational_db"": true, ""has_templating"": true, ""has_upload"": true, ""uses_jwt"": true, ""uses_nosql"": true}","file_upload, xxe, deserialization, rce, path_traversal, ssti",,,
js-upload,juice-shop,file-and-xml,rce,Remote code execution,CWE-94,has_code_execution_path,"{""accepts_xml"": true, ""has_code_execution_path"": true, ""has_deserialization"": true, ""has_relational_db"": true, ""has_templating"": true, ""has_upload"": true, ""uses_jwt"": true, ""uses_nosql"": true}","file_upload, xxe, deserialization, rce, path_traversal, ssti",,,
js-upload,juice-shop,file-and-xml,path_traversal,Path traversal / arbitrary file read,CWE-22,has_file_access,"{""accepts_xml"": true, ""has_code_execution_path"": true, ""has_deserialization"": true, ""has_relational_db"": true, ""has_templating"": true, ""has_upload"": true, ""uses_jwt"": true, ""uses_nosql"": true}","file_upload, xxe, deserialization, rce, path_traversal, ssti",,,
